{
    "rmse": 0.7056128445107824,
    "mae": 0.5532051363880973,
    "r2": 0.25958195560803776
}